library_id,molecule_h5
AML027-pre,/home/4467528/lab_padron/NGS_rawdata/scRNA_10x/10x/AML027-pre/AML027-pre/outs/molecule_info.h5
AML027-post,/home/4467528/lab_padron/NGS_rawdata/scRNA_10x/10x/AML027-post/AML027-post/outs/molecule_info.h5
AML035-pre,/home/4467528/lab_padron/NGS_rawdata/scRNA_10x/10x/AML035-pre/AML035-pre/outs/molecule_info.h5
AML035-post,/home/4467528/lab_padron/NGS_rawdata/scRNA_10x/10x/AML035-post/AML035-post/outs/molecule_info.h5
healthy1,/home/4467528/lab_padron/NGS_rawdata/scRNA_10x/10x/healthy1/healthy1/outs/molecule_info.h5
healthy2,/home/4467528/lab_padron/NGS_rawdata/scRNA_10x/10x/healthy2/healthy2/outs/molecule_info.h5
